Match ID,Second,Result,Player,Race,Current Workers,Food Used,Food Available,Current Minerals,Minerals Collection Rate,Minerals Used in Progress,Minerals Used,Minerals Used Active Forces,Minerals Lost,Current Vespene,Vespene Collection Rate,Vespene Used in Progress,Vespene Used,Vespene Used Active Forces,Vespene Lost
0,0,Loss,Player 1 - Namshar (Zerg),Z,12,12.0,14.0,50,0,0,1050,0,0,0,0,0,0,0,0
0,0,Win,Player 2 - Scarlett (Zerg),Z,12,12.0,14.0,50,0,0,1050,0,0,0,0,0,0,0,0
0,30,Loss,Player 1 - Namshar (Zerg),Z,13,14.0,14.0,50,699,150,1100,0,0,0,0,0,0,0,0
0,30,Win,Player 2 - Scarlett (Zerg),Z,13,14.0,14.0,50,699,150,1100,0,0,0,0,0,0,0,0
0,60,Loss,Player 1 - Namshar (Zerg),Z,16,16.0,22.0,230,783,0,1350,0,0,0,0,0,0,0,0
0,60,Win,Player 2 - Scarlett (Zerg),Z,16,16.0,22.0,240,867,0,1350,0,0,0,0,0,0,0,0
0,90,Loss,Player 1 - Namshar (Zerg),Z,16,18.0,22.0,90,867,450,1350,0,0,0,0,0,0,0,0
0,90,Win,Player 2 - Scarlett (Zerg),Z,16,18.0,22.0,100,923,450,1350,0,0,0,0,0,0,0,0
0,120,Loss,Player 1 - Namshar (Zerg),Z,16,18.0,22.0,95,951,775,1350,0,0,0,0,0,0,0,0
0,120,Win,Player 2 - Scarlett (Zerg),Z,16,18.0,22.0,105,951,775,1350,0,0,0,0,0,0,0,0
0,150,Loss,Player 1 - Namshar (Zerg),Z,19,20.0,22.0,320,979,650,1575,0,0,28,134,0,0,0,0
0,150,Win,Player 2 - Scarlett (Zerg),Z,19,20.0,22.0,320,923,650,1575,0,0,36,156,0,0,0,0
0,180,Loss,Player 1 - Namshar (Zerg),Z,21,26.0,28.0,165,1035,450,2275,0,0,88,156,0,0,0,0
0,180,Win,Player 2 - Scarlett (Zerg),Z,21,26.0,28.0,150,923,450,2275,0,0,96,179,0,0,0,0
0,210,Loss,Player 1 - Namshar (Zerg),Z,24,30.0,36.0,260,1147,400,2525,0,0,20,89,0,0,0,0
0,210,Win,Player 2 - Scarlett (Zerg),Z,24,30.0,36.0,245,1175,400,2525,0,0,44,134,0,0,0,0
0,240,Loss,Player 1 - Namshar (Zerg),Z,26,32.0,36.0,65,1259,650,2925,300,0,22,156,50,0,0,0
0,240,Win,Player 2 - Scarlett (Zerg),Z,27,33.0,36.0,35,1259,600,2975,300,0,84,111,0,0,0,0
0,270,Loss,Player 1 - Namshar (Zerg),Z,28,40.0,44.0,40,1287,950,3125,300,0,82,156,50,0,0,0
0,270,Win,Player 2 - Scarlett (Zerg),Z,30,43.0,44.0,30,1371,850,3225,300,0,140,156,0,0,0,0
0,300,Loss,Player 1 - Namshar (Zerg),Z,31,43.0,44.0,170,1595,700,3775,625,0,113,156,25,50,0,0
0,300,Win,Player 2 - Scarlett (Zerg),Z,36,44.0,44.0,440,1567,450,3775,550,0,196,156,0,0,0,0
0,330,Loss,Player 1 - Namshar (Zerg),Z,34,54.0,58.0,85,1735,525,4525,650,0,48,156,25,75,25,0
0,330,Win,Player 2 - Scarlett (Zerg),Z,41,53.0,58.0,125,1791,550,4475,550,0,156,156,100,0,0,0
0,360,Loss,Player 1 - Namshar (Zerg),Z,41,53.0,58.0,130,1819,750,4850,650,50,8,179,100,100,50,0
0,360,Win,Player 2 - Scarlett (Zerg),Z,45,57.0,58.0,75,1987,925,4875,550,0,148,335,100,0,0,0
0,390,Loss,Player 1 - Namshar (Zerg),Z,46,64.0,66.0,125,2155,975,5350,650,100,80,246,100,100,50,0
0,390,Win,Player 2 - Scarlett (Zerg),Z,50,65.5,82.0,360,2155,550,5675,525,25,296,492,100,0,0,0
0,420,Loss,Player 1 - Namshar (Zerg),Z,53,66.0,74.0,220,2183,575,6325,750,100,136,447,0,200,50,0
0,420,Win,Player 2 - Scarlett (Zerg),Z,54,73.5,90.0,210,2463,700,6425,825,25,147,492,225,100,0,0
0,450,Loss,Player 1 - Namshar (Zerg),Z,55,78.5,106.0,495,2351,525,6825,675,150,180,694,175,200,50,0
0,450,Win,Player 2 - Scarlett (Zerg),Z,54,95.5,106.0,105,2379,1025,6875,1000,225,14,604,425,225,125,0
0,480,Loss,Player 1 - Namshar (Zerg),Z,54,94.5,106.0,300,2323,1075,7225,1125,175,85,783,375,350,200,0
0,480,Win,Player 2 - Scarlett (Zerg),Z,54,104.5,106.0,230,2435,750,7900,1825,225,100,649,150,650,400,0
0,510,Loss,Player 1 - Namshar (Zerg),Z,54,103.5,122.0,530,2239,575,8250,1750,225,232,739,125,725,425,0
0,510,Win,Player 2 - Scarlett (Zerg),Z,52,117.0,130.0,20,2295,1150,8375,2025,400,36,671,300,800,475,0
0,540,Loss,Player 1 - Namshar (Zerg),Z,54,125.0,138.0,170,2351,900,8725,2025,625,112,783,300,825,525,125
0,540,Win,Player 2 - Scarlett (Zerg),Z,52,124.0,138.0,110,2351,750,8950,2200,975,14,627,250,875,550,225
0,570,Loss,Player 1 - Namshar (Zerg),Z,54,132.0,138.0,20,2267,925,9050,2350,1225,34,739,275,1000,700,325
0,570,Win,Player 2 - Scarlett (Zerg),Z,55,110.0,138.0,475,2295,225,9050,2075,1850,100,671,75,925,525,500
0,600,Loss,Player 1 - Namshar (Zerg),Z,52,134.0,146.0,265,2379,525,9425,2725,1775,79,559,175,1175,875,425
0,600,Win,Player 2 - Scarlett (Zerg),Z,57,105.0,138.0,175,2463,750,8350,1425,3175,28,627,200,575,325,1025
0,630,Loss,Player 1 - Namshar (Zerg),Z,52,146.0,146.0,340,2351,775,9800,3100,1925,46,537,225,1350,1050,425
0,630,Win,Player 2 - Scarlett (Zerg),Z,57,127.0,138.0,75,2127,900,9025,1950,3250,16,963,300,750,500,1050
0,660,Loss,Player 1 - Namshar (Zerg),Z,52,153.0,154.0,395,2071,775,10200,3400,2225,180,806,75,1450,1150,625
0,660,Win,Player 2 - Scarlett (Zerg),Z,57,137.0,138.0,115,2323,775,9925,2850,3250,239,985,125,1050,800,1050
0,690,Loss,Player 1 - Namshar (Zerg),Z,62,146.0,154.0,705,2407,225,10600,3225,2500,126,828,0,1350,975,775
0,690,Win,Player 2 - Scarlett (Zerg),Z,57,146.0,170.0,205,2295,550,10575,3100,3400,216,963,150,1200,950,1100
0,720,Loss,Player 1 - Namshar (Zerg),Z,60,140.0,154.0,590,2295,1125,10425,3075,2950,239,828,275,1300,925,925
0,720,Win,Player 2 - Scarlett (Zerg),Z,57,167.0,178.0,265,2267,675,11050,3625,3550,110,963,225,1575,1325,1100
0,750,Loss,Player 1 - Namshar (Zerg),Z,59,165.0,178.0,95,2099,1300,11350,3750,3025,125,985,375,1475,1100,1000
0,750,Win,Player 2 - Scarlett (Zerg),Z,55,177.0,186.0,125,2099,700,11950,4450,3550,137,963,200,1925,1600,1100
0,780,Loss,Player 1 - Namshar (Zerg),Z,59,177.0,178.0,260,2183,975,12025,4475,3100,48,985,325,1725,1425,1075
0,780,Win,Player 2 - Scarlett (Zerg),Z,60,188.0,194.0,195,2127,700,12575,4900,3625,435,985,100,2000,1750,1175
0,810,Loss,Player 1 - Namshar (Zerg),Z,58,178.0,178.0,585,2323,900,12625,4800,3100,196,963,125,2125,1600,1075
0,810,Win,Player 2 - Scarlett (Zerg),Z,66,196.0,202.0,305,2519,500,13275,4900,3625,333,963,200,2100,1750,1175
0,840,Loss,Player 1 - Namshar (Zerg),Z,58,196.0,208.0,715,2183,625,13425,4750,3200,89,1097,475,2250,1650,1075
0,840,Win,Player 2 - Scarlett (Zerg),Z,65,195.0,202.0,625,2603,550,13575,5150,3625,589,1007,0,2250,1900,1175
0,870,Loss,Player 1 - Namshar (Zerg),Z,57,200.0,208.0,1190,2155,300,14050,5525,3200,103,1299,400,2775,2175,1075
0,870,Win,Player 2 - Scarlett (Zerg),Z,62,194.0,218.0,1040,2547,800,13675,5200,3625,533,963,100,2400,2050,1175
0,900,Loss,Player 1 - Namshar (Zerg),Z,58,200.0,208.0,1955,2155,150,14200,5925,3200,567,1299,100,3075,2575,1075
0,900,Win,Player 2 - Scarlett (Zerg),Z,61,197.0,202.0,1420,2435,1050,13500,4800,3625,310,1007,500,2475,1850,1175
0,930,Loss,Player 1 - Namshar (Zerg),Z,55,177.0,200.0,2650,2155,75,13275,5100,4275,952,1231,75,2950,2350,1300
0,930,Win,Player 2 - Scarlett (Zerg),Z,61,197.0,218.0,1490,2407,675,14050,5100,3925,379,963,275,2875,2350,1275
0,960,Loss,Player 1 - Namshar (Zerg),Z,52,178.0,200.0,2110,1651,550,13175,5100,4650,485,1187,400,3000,2350,1375
0,960,Win,Player 2 - Scarlett (Zerg),Z,60,200.0,218.0,2055,2183,550,14600,5500,4000,631,985,100,3075,2550,1350
0,990,Loss,Player 1 - Namshar (Zerg),Z,49,191.0,194.0,1855,1847,1250,12525,4950,5500,535,940,500,3000,2300,1625
0,990,Win,Player 2 - Scarlett (Zerg),Z,59,197.0,218.0,2500,1987,700,14675,5725,4075,754,985,225,3150,2625,1375
0,1020,Loss,Player 1 - Namshar (Zerg),Z,48,161.0,186.0,2440,1903,275,12150,4625,6925,846,895,175,2875,2175,2100
0,1020,Win,Player 2 - Scarlett (Zerg),Z,59,198.0,218.0,800,2183,2950,12425,3325,6550,231,963,950,2325,1725,2350
0,1050,Loss,Player 1 - Namshar (Zerg),Z,47,157.0,180.0,785,1511,350,11950,4625,8400,202,739,0,2825,1975,2675
0,1050,Win,Player 2 - Scarlett (Zerg),Z,59,183.0,224.0,990,2099,750,13900,4375,7825,325,963,400,2300,1675,3175
0,1080,Loss,Player 1 - Namshar (Zerg),Z,46,174.0,180.0,840,1231,350,12575,5300,8400,229,671,0,3050,2200,2675
0,1080,Win,Player 2 - Scarlett (Zerg),Z,58,198.0,224.0,780,2099,475,14950,5150,7825,174,1187,325,2950,2100,3175
0,1110,Loss,Player 1 - Namshar (Zerg),Z,45,166.0,180.0,975,1203,650,11975,4750,9000,397,761,100,2800,1950,2925
0,1110,Win,Player 2 - Scarlett (Zerg),Z,55,186.0,224.0,1360,1847,550,14625,5175,8350,535,1209,0,2925,2175,3600
0,1140,Loss,Player 1 - Namshar (Zerg),Z,34,146.0,180.0,590,1175,450,10575,4300,11425,374,694,150,2300,1600,3650
0,1140,Win,Player 2 - Scarlett (Zerg),Z,45,198.0,224.0,245,1539,1650,13550,4275,10025,330,1097,550,2750,1925,3850
0,1170,Loss,Player 1 - Namshar (Zerg),Z,31,125.0,180.0,825,1119,200,10200,4075,12200,598,627,0,2225,1525,3875
0,1170,Win,Player 2 - Scarlett (Zerg),Z,40,177.0,224.0,365,1063,275,14000,5100,11225,469,671,125,3025,2200,4125
0,1200,Loss,Player 1 - Namshar (Zerg),Z,31,135.0,180.0,300,1063,1100,9900,3775,12500,364,582,450,2125,1425,3975
0,1200,Win,Player 2 - Scarlett (Zerg),Z,41,164.0,224.0,70,811,375,13325,4625,12225,372,627,125,2450,1775,4825
0,1230,Loss,Player 1 - Namshar (Zerg),Z,30,130.0,172.0,300,867,350,10700,4525,12750,588,627,0,2525,1825,4025
0,1230,Win,Player 2 - Scarlett (Zerg),Z,41,169.0,224.0,290,1483,200,13725,5025,12225,433,671,100,2650,1975,4825
0,1260,Loss,Player 1 - Namshar (Zerg),Z,29,133.0,172.0,40,587,900,10650,4125,12750,412,627,400,2525,1625,4025
0,1260,Win,Player 2 - Scarlett (Zerg),Z,49,179.0,224.0,125,1427,100,14325,5025,12225,359,895,200,2750,1975,4825
0,1290,Loss,Player 1 - Namshar (Zerg),Z,31,136.0,172.0,95,587,750,10950,4725,12750,636,582,0,2925,2225,4025
0,1290,Win,Player 2 - Scarlett (Zerg),Z,51,191.0,224.0,260,1903,400,14525,5325,12225,215,1030,500,2950,2275,4825
0,1320,Loss,Player 1 - Namshar (Zerg),Z,35,142.0,178.0,50,811,500,11500,4725,12750,814,436,0,2925,2225,4025
0,1320,Win,Player 2 - Scarlett (Zerg),Z,51,200.0,224.0,495,1931,450,14925,5725,12225,465,974,100,3450,2775,4825
0,1350,Loss,Player 1 - Namshar (Zerg),Z,41,147.0,184.0,140,1147,100,12150,4725,12750,1006,582,0,2925,2225,4025
0,1350,Win,Player 2 - Scarlett (Zerg),Z,50,198.0,224.0,170,1679,1250,15075,5525,12225,449,1142,400,3550,2675,4825
0,1380,Loss,Player 1 - Namshar (Zerg),Z,43,164.0,184.0,50,1651,650,12250,4425,12750,178,828,1100,2925,2075,4025
0,1380,Win,Player 2 - Scarlett (Zerg),Z,50,200.0,224.0,450,1707,950,15525,6125,12225,603,1142,100,3950,3275,4825
0,1410,Loss,Player 1 - Namshar (Zerg),Z,45,172.0,184.0,265,1763,350,12950,5225,12750,164,918,250,4125,3375,4025
0,1410,Win,Player 2 - Scarlett (Zerg),Z,49,199.0,224.0,1045,1791,575,15900,6425,12450,1140,1164,25,4050,3375,4875
0,1440,Loss,Player 1 - Namshar (Zerg),Z,40,156.0,178.0,450,1595,400,11925,4900,14125,292,918,200,4000,3300,4400
0,1440,Win,Player 2 - Scarlett (Zerg),Z,44,184.0,224.0,1515,1651,500,14825,5900,13750,1486,1119,50,3925,3250,5025
0,1470,Loss,Player 1 - Namshar (Zerg),Z,38,141.0,178.0,240,1399,800,10900,3975,15375,162,604,400,3475,2775,5050
0,1470,Win,Player 2 - Scarlett (Zerg),Z,44,195.0,222.0,455,1567,1650,14125,4850,14950,388,963,1450,3475,2800,5525
0,1500,Loss,Player 1 - Namshar (Zerg),Z,37,140.0,178.0,365,1175,350,11650,4775,15375,386,649,0,3875,3175,5050
0,1500,Win,Player 2 - Scarlett (Zerg),Z,54,200.0,214.0,730,1399,1400,14475,4700,15100,776,1142,1450,3425,2750,5575
0,1530,Loss,Player 1 - Namshar (Zerg),Z,37,140.0,178.0,125,1091,850,11350,4475,15675,292,694,200,3775,3075,5150
0,1530,Win,Player 2 - Scarlett (Zerg),Z,54,200.0,214.0,1125,1679,0,15875,6100,15100,930,963,0,4875,4200,5575
0,1560,Loss,Player 1 - Namshar (Zerg),Z,37,134.0,178.0,70,923,750,11225,4350,16300,364,806,200,3800,3100,5325
0,1560,Win,Player 2 - Scarlett (Zerg),Z,54,200.0,214.0,1790,1931,0,15875,6100,15100,1224,783,0,4875,4200,5575
0,1590,Loss,Player 1 - Namshar (Zerg),Z,37,134.0,176.0,305,923,100,11775,4650,16500,606,828,50,3950,3250,5375
0,1590,Win,Player 2 - Scarlett (Zerg),Z,54,200.0,214.0,2275,2239,225,15950,6100,15100,1216,783,225,4950,4200,5575
0,1620,Loss,Player 1 - Namshar (Zerg),Z,37,105.0,176.0,60,727,500,10175,3050,18200,644,806,250,2700,2000,6675
0,1620,Win,Player 2 - Scarlett (Zerg),Z,54,188.0,214.0,3070,2211,0,15650,6100,15625,1512,828,0,4950,4200,5800
0,1650,Loss,Player 1 - Namshar (Zerg),Z,37,81.0,168.0,310,671,100,9475,2350,19300,936,828,50,2000,1300,7575
0,1650,Win,Player 2 - Scarlett (Zerg),Z,54,194.0,206.0,2570,2211,1300,14700,5150,16575,1128,683,650,4450,3700,6300
1,0,Win,Player 1 - Namshar (Zerg),Z,12,12.0,14.0,50,0,0,1050,0,0,0,0,0,0,0,0
1,0,Loss,Player 2 - Scarlett (Zerg),Z,12,12.0,14.0,50,0,0,1050,0,0,0,0,0,0,0,0
1,30,Win,Player 1 - Namshar (Zerg),Z,13,14.0,14.0,55,755,150,1100,0,0,0,0,0,0,0,0
1,30,Loss,Player 2 - Scarlett (Zerg),Z,11,11.0,14.0,45,671,250,1000,0,0,0,0,0,0,0,0
1,60,Win,Player 1 - Namshar (Zerg),Z,16,16.0,22.0,240,839,0,1350,0,0,0,0,0,0,0,0
1,60,Loss,Player 2 - Scarlett (Zerg),Z,14,14.0,14.0,40,671,350,1150,0,0,0,0,0,0,0,0
1,90,Win,Player 1 - Namshar (Zerg),Z,16,18.0,22.0,90,867,450,1350,0,0,0,0,0,0,0,0
1,90,Loss,Player 2 - Scarlett (Zerg),Z,14,16.0,22.0,230,839,100,1500,0,0,0,0,0,0,0,0
1,120,Win,Player 1 - Namshar (Zerg),Z,16,18.0,22.0,95,923,775,1350,0,0,0,0,0,0,0,0
1,120,Loss,Player 2 - Scarlett (Zerg),Z,14,18.0,22.0,365,559,50,1650,150,0,0,0,0,0,0,0
1,150,Win,Player 1 - Namshar (Zerg),Z,18,18.0,22.0,215,811,725,1525,0,0,12,22,0,0,0,0
1,150,Loss,Player 2 - Scarlett (Zerg),Z,14,20.0,22.0,335,195,50,1750,250,0,0,0,0,0,0,0
1,180,Win,Player 1 - Namshar (Zerg),Z,17,20.0,22.0,305,727,425,1850,0,0,40,89,0,0,0,0
1,180,Loss,Player 2 - Scarlett (Zerg),Z,13,21.0,22.0,295,167,100,1750,300,50,0,0,0,0,0,0
1,210,Win,Player 1 - Namshar (Zerg),Z,9,13.5,22.0,210,0,250,1700,125,25,40,0,0,0,0,0
1,210,Loss,Player 2 - Scarlett (Zerg),Z,10,16.0,22.0,135,167,250,1500,200,350,0,0,0,0,0,0
1,240,Win,Player 1 - Namshar (Zerg),Z,6,11.0,22.0,130,111,100,1725,150,100,40,0,0,0,0,0
1,240,Loss,Player 2 - Scarlett (Zerg),Z,7,13.5,22.0,100,167,50,1425,275,600,0,0,0,0,0,0
1,270,Win,Player 1 - Namshar (Zerg),Z,6,15.0,22.0,0,363,250,1825,250,100,40,0,0,0,0,0
1,270,Loss,Player 2 - Scarlett (Zerg),Z,9,15.5,22.0,85,251,50,1525,275,600,0,0,0,0,0,0
1,300,Win,Player 1 - Namshar (Zerg),Z,9,15.0,22.0,185,419,50,1975,250,100,40,0,0,0,0,0
1,300,Loss,Player 2 - Scarlett (Zerg),Z,11,17.5,22.0,145,559,50,1625,275,600,0,0,0,0,0,0
1,330,Win,Player 1 - Namshar (Zerg),Z,9,17.0,22.0,270,503,100,2025,300,100,40,0,0,0,0,0
1,330,Loss,Player 2 - Scarlett (Zerg),Z,13,20.5,22.0,85,699,250,1725,275,600,0,0,0,0,0,0
1,360,Win,Player 1 - Namshar (Zerg),Z,10,18.0,22.0,45,531,400,2125,350,100,44,22,0,0,0,0
1,360,Loss,Player 2 - Scarlett (Zerg),Z,14,24.5,30.0,110,811,200,2025,425,600,0,0,0,0,0,0
1,390,Win,Player 1 - Namshar (Zerg),Z,12,21.0,22.0,40,587,500,2225,350,100,76,134,0,0,0,0
1,390,Loss,Player 2 - Scarlett (Zerg),Z,16,26.5,30.0,305,811,200,2125,425,600,0,0,0,0,0,0
1,420,Win,Player 1 - Namshar (Zerg),Z,12,21.0,22.0,45,587,600,2225,350,100,12,89,0,0,0,0
1,420,Loss,Player 2 - Scarlett (Zerg),Z,15,28.5,30.0,60,839,550,2325,675,600,0,0,0,0,0,0
1,450,Win,Player 1 - Namshar (Zerg),Z,14,25.0,36.0,75,615,100,2925,500,100,36,67,0,0,0,0
1,450,Loss,Player 2 - Scarlett (Zerg),Z,17,30.5,38.0,155,951,575,2525,675,600,0,0,0,0,0,0
1,480,Win,Player 1 - Namshar (Zerg),Z,18,29.0,36.0,145,783,100,3125,500,100,80,111,0,0,0,0
1,480,Loss,Player 2 - Scarlett (Zerg),Z,22,35.5,38.0,115,923,600,2850,675,600,40,156,0,0,0,0
1,510,Win,Player 1 - Namshar (Zerg),Z,23,34.0,36.0,145,1035,200,3375,500,100,124,111,0,0,0,0
1,510,Loss,Player 2 - Scarlett (Zerg),Z,23,40.5,46.0,190,923,550,3150,825,600,96,156,0,0,0,0
1,540,Win,Player 1 - Namshar (Zerg),Z,26,41.0,44.0,30,1287,500,3625,500,100,118,134,50,0,0,0
1,540,Loss,Player 2 - Scarlett (Zerg),Z,28,43.5,52.0,335,1203,100,3750,825,600,56,156,0,0,0,0
1,570,Win,Player 1 - Namshar (Zerg),Z,29,40.5,44.0,55,1343,650,3900,625,125,174,156,50,0,0,0
1,570,Loss,Player 2 - Scarlett (Zerg),Z,28,51.5,52.0,190,1455,500,4000,1075,600,62,156,50,0,0,0
1,600,Win,Player 1 - Namshar (Zerg),Z,34,45.5,52.0,170,1567,600,4400,525,125,134,179,100,50,0,0
1,600,Loss,Player 2 - Scarlett (Zerg),Z,32,50.5,60.0,335,1679,600,4300,1075,600,122,156,50,0,0,0
1,630,Win,Player 1 - Namshar (Zerg),Z,35,53.5,60.0,140,1735,900,4650,725,175,90,156,0,150,100,0
1,630,Loss,Player 2 - Scarlett (Zerg),Z,30,61.5,68.0,355,1679,900,4450,975,375,82,179,100,50,0,0
1,660,Win,Player 1 - Namshar (Zerg),Z,44,56.5,68.0,210,1819,750,5200,725,175,50,156,100,150,100,0
1,660,Loss,Player 2 - Scarlett (Zerg),Z,40,64.5,68.0,260,1623,500,5500,1425,400,88,156,50,150,100,0
1,690,Win,Player 1 - Namshar (Zerg),Z,40,65.5,82.0,285,2239,1050,5650,925,225,56,156,100,200,150,0
1,690,Loss,Player 2 - Scarlett (Zerg),Z,41,67.5,84.0,170,1707,900,5800,1525,450,148,492,100,200,150,0
1,720,Win,Player 1 - Namshar (Zerg),Z,49,71.0,82.0,135,1903,500,6450,975,450,116,156,0,275,125,25
1,720,Loss,Player 2 - Scarlett (Zerg),Z,42,70.5,92.0,95,1791,1150,5900,1175,500,140,604,200,100,50,0
1,750,Win,Player 1 - Namshar (Zerg),Z,57,75.0,82.0,345,2155,575,7050,1275,450,238,470,0,325,175,25
1,750,Loss,Player 2 - Scarlett (Zerg),Z,49,74.5,98.0,210,1847,775,6700,1250,600,147,671,225,200,150,0
1,780,Win,Player 1 - Namshar (Zerg),Z,51,72.5,82.0,110,1959,800,6575,575,1550,318,492,100,200,50,100
1,780,Loss,Player 2 - Scarlett (Zerg),Z,57,65.5,106.0,520,2211,250,6825,650,1375,179,649,200,225,75,125
1,810,Win,Player 1 - Namshar (Zerg),Z,50,77.0,82.0,50,1931,800,7100,1200,1700,190,492,150,300,150,100
1,810,Loss,Player 2 - Scarlett (Zerg),Z,55,83.0,106.0,355,2407,1275,6625,550,1475,36,649,475,200,50,150
1,840,Win,Player 1 - Namshar (Zerg),Z,58,76.0,90.0,510,2435,200,7650,1150,2000,216,470,0,450,200,100
1,840,Loss,Player 2 - Scarlett (Zerg),Z,59,92.0,106.0,685,2379,700,7600,1275,1575,268,649,200,425,275,200
1,870,Win,Player 1 - Namshar (Zerg),Z,62,90.0,82.0,120,2435,825,7750,1150,2100,269,963,175,450,200,100
1,870,Loss,Player 2 - Scarlett (Zerg),Z,68,103.0,106.0,390,2463,1275,8050,1275,1575,313,985,325,425,275,200
1,900,Win,Player 1 - Namshar (Zerg),Z,61,89.0,114.0,390,2323,475,8550,1575,2200,271,985,25,650,375,100
1,900,Loss,Player 2 - Scarlett (Zerg),Z,68,108.0,154.0,260,2687,975,9275,1650,1575,436,963,75,750,400,200
1,930,Win,Player 1 - Namshar (Zerg),Z,62,105.5,114.0,105,2435,1550,8600,1550,2225,294,985,325,675,375,100
1,930,Loss,Player 2 - Scarlett (Zerg),Z,67,122.0,186.0,210,2575,1400,9850,1875,1575,638,963,150,825,475,200
1,960,Win,Player 1 - Namshar (Zerg),Z,61,112.0,138.0,220,2351,950,9675,2250,2350,146,1007,200,1150,850,100
1,960,Loss,Player 2 - Scarlett (Zerg),Z,67,129.0,186.0,615,2463,1175,10550,2675,1575,961,985,25,975,625,200
1,990,Win,Player 1 - Namshar (Zerg),Z,61,129.0,160.0,355,2239,650,10650,2675,2350,169,985,250,1425,1125,100
1,990,Loss,Player 2 - Scarlett (Zerg),Z,66,147.0,200.0,725,2435,1150,11325,3025,1575,1084,963,225,1000,625,200
1,1020,Win,Player 1 - Namshar (Zerg),Z,60,154.0,160.0,80,2463,1150,11300,3475,2350,142,985,325,1725,1425,100
1,1020,Loss,Player 2 - Scarlett (Zerg),Z,66,172.0,200.0,350,2351,1325,12375,3775,1575,957,985,475,1225,850,200
1,1050,Win,Player 1 - Namshar (Zerg),Z,60,158.5,168.0,545,2379,400,12200,4000,2600,140,985,350,1925,1525,225
1,1050,Loss,Player 2 - Scarlett (Zerg),Z,60,178.0,198.0,260,2183,850,13000,4675,2275,1135,1209,250,1600,1225,300
1,1080,Win,Player 1 - Namshar (Zerg),Z,62,167.0,168.0,335,2323,950,12650,4550,2600,238,963,250,2250,1950,225
1,1080,Loss,Player 2 - Scarlett (Zerg),Z,60,187.0,206.0,180,2323,850,13850,5025,2275,1115,1119,400,1850,1475,300
1,1110,Win,Player 1 - Namshar (Zerg),Z,63,176.0,184.0,300,2379,1050,13275,4275,2725,198,1321,600,2325,1825,275
1,1110,Loss,Player 2 - Scarlett (Zerg),Z,60,188.5,190.0,225,2435,475,14325,5825,3025,866,1075,275,2400,2025,500
1,1140,Win,Player 1 - Namshar (Zerg),Z,63,131.0,210.0,328,2267,850,11375,2475,5562,413,1142,300,1725,1275,1375
1,1140,Loss,Player 2 - Scarlett (Zerg),Z,60,135.0,190.0,70,2463,1050,10625,2300,7200,896,1097,350,1025,650,2150
1,1170,Win,Player 1 - Namshar (Zerg),Z,56,122.0,210.0,303,2043,700,11700,2950,6037,335,716,350,1900,1350,1500
1,1170,Loss,Player 2 - Scarlett (Zerg),Z,60,154.5,190.0,60,2239,625,11575,2725,7425,22,1075,575,1900,1350,2250
1,1200,Win,Player 1 - Namshar (Zerg),Z,60,133.0,210.0,208,2071,1050,11925,3175,6112,224,1075,400,2075,1625,1525
1,1200,Loss,Player 2 - Scarlett (Zerg),Z,68,172.0,190.0,210,2659,750,12100,3475,7525,144,1052,250,2450,2075,2275
1,1230,Win,Player 1 - Namshar (Zerg),Z,60,144.0,210.0,448,2127,1075,12300,3550,6262,358,1119,325,2350,1900,1575
1,1230,Loss,Player 2 - Scarlett (Zerg),Z,68,172.0,190.0,1155,2827,0,12825,4200,7600,378,1052,0,2825,2450,2300
1,1260,Win,Player 1 - Namshar (Zerg),Z,60,152.0,200.0,278,2239,975,12400,3100,7237,413,1119,325,2350,1750,1900
1,1260,Loss,Player 2 - Scarlett (Zerg),Z,68,181.0,190.0,650,2883,700,12625,4000,8625,279,1052,200,2425,2050,2975
1,1290,Win,Player 1 - Namshar (Zerg),Z,60,140.0,200.0,88,2267,750,12025,2725,8812,532,1299,250,1825,1225,2825
1,1290,Loss,Player 2 - Scarlett (Zerg),Z,68,158.0,190.0,190,2715,1425,11000,2275,10950,180,1030,475,1250,875,4350
1,1320,Win,Player 1 - Namshar (Zerg),Z,60,148.0,200.0,143,1931,450,12700,3100,8912,321,1299,450,2100,1350,2875
1,1320,Loss,Player 2 - Scarlett (Zerg),Z,68,182.0,182.0,280,2771,825,12375,3750,11050,135,1030,275,1875,1500,4350
1,1350,Win,Player 1 - Namshar (Zerg),Z,64,163.0,200.0,23,2155,750,12975,3100,8987,85,1254,650,2375,1650,2900
1,1350,Loss,Player 2 - Scarlett (Zerg),Z,68,182.0,182.0,745,2799,475,13125,4500,11125,394,1075,25,2125,1750,4375
1,1380,Win,Player 1 - Namshar (Zerg),Z,64,168.0,200.0,488,2351,300,13650,4150,8987,232,1343,150,3050,2450,2900
1,1380,Loss,Player 2 - Scarlett (Zerg),Z,68,178.0,214.0,1660,2743,0,13500,4575,11275,784,1254,0,2150,1775,4425
1,1410,Win,Player 1 - Namshar (Zerg),Z,63,182.0,200.0,263,2379,750,14150,4700,9137,292,1276,200,3350,2750,2950
1,1410,Loss,Player 2 - Scarlett (Zerg),Z,68,198.0,214.0,1830,2855,825,13425,4500,11350,949,1231,275,2125,1750,4450
1,1440,Win,Player 1 - Namshar (Zerg),Z,63,189.0,200.0,288,2267,850,14450,5000,9237,210,1321,250,3450,2850,3050
1,1440,Loss,Player 2 - Scarlett (Zerg),Z,68,186.0,214.0,2825,2771,0,13800,4875,11800,1381,1231,0,2250,1875,4600
1,1470,Win,Player 1 - Namshar (Zerg),Z,63,182.0,200.0,581,2295,150,14600,4950,9999,349,1299,200,3600,2900,3275
1,1470,Loss,Player 2 - Scarlett (Zerg),Z,68,192.0,214.0,3250,2603,450,13575,4650,12100,1646,1254,150,2175,1800,4700
1,1500,Win,Player 1 - Namshar (Zerg),Z,63,194.0,200.0,471,2239,1250,14450,5000,10249,421,1343,400,3650,3050,3425
1,1500,Loss,Player 2 - Scarlett (Zerg),Z,68,188.0,214.0,3680,2407,0,13875,4950,12550,1832,1254,0,2275,1900,4850
1,1530,Win,Player 1 - Namshar (Zerg),Z,63,200.0,200.0,891,2043,675,15275,5825,10324,752,1276,125,4025,3425,3450
1,1530,Loss,Player 2 - Scarlett (Zerg),Z,68,196.0,206.0,4155,2659,450,13625,4800,12800,2110,1209,150,2225,1850,4900
1,1560,Win,Player 1 - Namshar (Zerg),Z,63,187.0,192.0,1671,2127,350,15000,5650,10924,1224,1299,0,3900,3300,3700
1,1560,Loss,Player 2 - Scarlett (Zerg),Z,68,191.0,190.0,4110,2771,750,13450,4925,13525,1829,1231,450,2200,1825,5175
1,1590,Win,Player 1 - Namshar (Zerg),Z,63,198.0,198.0,1611,2239,850,15175,4975,11099,980,1119,650,3825,2975,3775
1,1590,Loss,Player 2 - Scarlett (Zerg),Z,54,166.0,206.0,2840,1791,2000,11475,3450,16250,201,940,2000,1775,1400,6050
1,1620,Win,Player 1 - Namshar (Zerg),Z,63,196.0,214.0,1196,2183,1300,14775,4875,12249,792,1142,650,3775,3175,4425
1,1620,Loss,Player 2 - Scarlett (Zerg),Z,26,91.0,206.0,2325,923,1000,9175,2550,20450,297,403,200,2425,2050,7300
2,0,Loss,Player 1 - Namshar (Zerg),Z,12,12.0,14.0,50,0,0,1050,0,0,0,0,0,0,0,0
2,0,Win,Player 2 - Scarlett (Zerg),Z,12,12.0,14.0,50,0,0,1050,0,0,0,0,0,0,0,0
2,30,Loss,Player 1 - Namshar (Zerg),Z,13,14.0,14.0,50,699,150,1100,0,0,0,0,0,0,0,0
2,30,Win,Player 2 - Scarlett (Zerg),Z,13,14.0,14.0,55,727,150,1100,0,0,0,0,0,0,0,0
2,60,Loss,Player 1 - Namshar (Zerg),Z,16,16.0,22.0,245,811,0,1350,0,0,0,0,0,0,0,0
2,60,Win,Player 2 - Scarlett (Zerg),Z,15,16.0,22.0,250,895,50,1300,0,0,0,0,0,0,0,0
2,90,Loss,Player 1 - Namshar (Zerg),Z,16,18.0,22.0,105,895,450,1350,0,0,0,0,0,0,0,0
2,90,Win,Player 2 - Scarlett (Zerg),Z,16,18.0,22.0,105,923,450,1350,0,0,0,0,0,0,0,0
2,120,Loss,Player 1 - Namshar (Zerg),Z,16,18.0,22.0,110,979,775,1350,0,0,0,0,0,0,0,0
2,120,Win,Player 2 - Scarlett (Zerg),Z,16,18.0,22.0,115,979,775,1350,0,0,0,0,0,0,0,0
2,150,Loss,Player 1 - Namshar (Zerg),Z,19,20.0,22.0,340,979,650,1575,0,0,32,134,0,0,0,0
2,150,Win,Player 2 - Scarlett (Zerg),Z,19,20.0,22.0,330,923,650,1575,0,0,36,134,0,0,0,0
2,180,Loss,Player 1 - Namshar (Zerg),Z,21,26.0,28.0,180,951,450,2275,0,0,88,156,0,0,0,0
2,180,Win,Player 2 - Scarlett (Zerg),Z,21,26.0,28.0,175,979,450,2275,0,0,96,156,0,0,0,0
2,210,Loss,Player 1 - Namshar (Zerg),Z,24,30.0,36.0,290,1147,400,2525,0,0,20,89,0,0,0,0
2,210,Win,Player 2 - Scarlett (Zerg),Z,24,30.0,36.0,280,1175,400,2525,0,0,40,134,0,0,0,0
2,240,Loss,Player 1 - Namshar (Zerg),Z,27,33.0,36.0,115,1371,500,2975,300,0,10,111,0,0,0,0
2,240,Win,Player 2 - Scarlett (Zerg),Z,27,34.0,36.0,40,1371,650,2975,300,0,84,134,0,0,0,0
2,270,Loss,Player 1 - Namshar (Zerg),Z,28,41.0,44.0,65,1483,1000,3125,300,0,50,111,50,0,0,0
2,270,Win,Player 2 - Scarlett (Zerg),Z,29,40.0,44.0,110,1483,900,3175,300,0,78,134,50,0,0,0
2,300,Loss,Player 1 - Namshar (Zerg),Z,32,42.0,44.0,210,1679,700,3675,650,100,90,134,50,0,0,0
2,300,Win,Player 2 - Scarlett (Zerg),Z,32,43.0,52.0,435,1651,650,3675,550,0,118,111,50,0,0,0
2,330,Loss,Player 1 - Namshar (Zerg),Z,34,49.0,66.0,350,1623,375,4525,700,100,80,134,0,100,50,0
2,330,Win,Player 2 - Scarlett (Zerg),Z,37,48.0,58.0,485,1735,400,4475,600,0,166,134,0,50,0,0
2,360,Loss,Player 1 - Namshar (Zerg),Z,43,57.5,66.0,300,1903,400,5125,725,150,95,134,0,100,50,0
2,360,Win,Player 2 - Scarlett (Zerg),Z,44,59.0,66.0,285,2043,750,5000,550,50,156,111,50,50,0,0
2,390,Loss,Player 1 - Namshar (Zerg),Z,43,52.5,82.0,600,2043,625,5275,675,200,135,134,0,100,50,0
2,390,Win,Player 2 - Scarlett (Zerg),Z,52,68.0,82.0,100,2211,700,5850,650,75,88,425,100,100,50,0
2,420,Loss,Player 1 - Namshar (Zerg),Z,44,59.5,98.0,495,1903,800,5750,675,200,93,470,0,100,50,0
2,420,Win,Player 2 - Scarlett (Zerg),Z,56,72.5,82.0,375,2435,925,6175,775,100,252,425,100,100,50,0
2,450,Loss,Player 1 - Namshar (Zerg),Z,44,81.5,122.0,203,1847,925,6550,975,237,21,627,275,100,50,25
2,450,Win,Player 2 - Scarlett (Zerg),Z,69,84.0,90.0,460,2687,600,7325,650,125,302,671,250,100,50,0
2,480,Loss,Player 1 - Namshar (Zerg),Z,44,90.5,130.0,183,1903,700,7125,1450,587,57,649,200,375,325,25
2,480,Win,Player 2 - Scarlett (Zerg),Z,69,101.5,106.0,560,2771,775,7875,950,150,201,895,325,325,175,0
2,510,Loss,Player 1 - Namshar (Zerg),Z,44,106.0,138.0,68,1819,575,7950,1950,662,64,649,225,575,450,25
2,510,Win,Player 2 - Scarlett (Zerg),Z,65,103.5,106.0,520,2743,1075,8625,1975,150,325,873,125,725,550,0
2,540,Loss,Player 1 - Namshar (Zerg),Z,44,87.0,138.0,293,1931,275,7525,1750,1837,196,649,25,350,300,550
2,540,Win,Player 2 - Scarlett (Zerg),Z,65,119.0,130.0,435,2743,1675,8425,1575,675,292,806,325,550,375,200
2,570,Loss,Player 1 - Namshar (Zerg),Z,44,86.5,138.0,171,1847,500,7425,1575,2399,267,649,0,325,250,661
2,570,Win,Player 2 - Scarlett (Zerg),Z,65,133.0,138.0,265,2883,900,9725,2175,1200,96,851,300,750,575,375
2,600,Loss,Player 1 - Namshar (Zerg),Z,47,96.5,138.0,241,1931,600,7675,1675,2649,303,649,200,275,200,711
2,600,Win,Player 2 - Scarlett (Zerg),Z,65,137.0,138.0,750,2603,350,10625,3075,1200,270,940,50,1050,875,375
2,630,Loss,Player 1 - Namshar (Zerg),Z,47,101.5,138.0,11,2015,975,7225,1225,3699,210,671,325,425,350,761
2,630,Win,Player 2 - Scarlett (Zerg),Z,65,139.0,154.0,645,2715,1075,10075,2325,2100,273,918,325,800,625,675
3,0,Loss,Player 1 - Silky (Zerg),Z,12,12.0,14.0,50,0,0,1050,0,0,0,0,0,0,0,0
3,0,Win,Player 2 - Scarlett (Zerg),Z,12,12.0,14.0,50,0,0,1050,0,0,0,0,0,0,0,0
3,30,Loss,Player 1 - Silky (Zerg),Z,13,14.0,14.0,55,755,150,1100,0,0,0,0,0,0,0,0
3,30,Win,Player 2 - Scarlett (Zerg),Z,13,14.0,14.0,55,727,150,1100,0,0,0,0,0,0,0,0
3,60,Loss,Player 1 - Silky (Zerg),Z,14,16.0,22.0,235,811,100,1250,0,0,0,0,0,0,0,0
3,60,Win,Player 2 - Scarlett (Zerg),Z,15,16.0,22.0,240,783,50,1300,0,0,0,0,0,0,0,0
3,90,Loss,Player 1 - Silky (Zerg),Z,16,18.0,22.0,90,895,450,1350,0,0,0,0,0,0,0,0
3,90,Win,Player 2 - Scarlett (Zerg),Z,16,18.0,22.0,105,895,450,1350,0,0,0,0,0,0,0,0
3,120,Loss,Player 1 - Silky (Zerg),Z,16,18.0,22.0,90,951,775,1350,0,0,0,0,0,0,0,0
3,120,Win,Player 2 - Scarlett (Zerg),Z,16,18.0,22.0,120,951,775,1350,0,0,0,0,0,0,0,0
3,150,Loss,Player 1 - Silky (Zerg),Z,19,20.0,22.0,300,867,650,1575,0,0,36,156,0,0,0,0
3,150,Win,Player 2 - Scarlett (Zerg),Z,19,20.0,22.0,335,923,650,1575,0,0,40,156,0,0,0,0
3,180,Loss,Player 1 - Silky (Zerg),Z,20,25.0,28.0,70,979,575,2225,0,0,92,134,0,0,0,0
3,180,Win,Player 2 - Scarlett (Zerg),Z,21,26.0,28.0,185,1007,450,2275,0,0,96,156,0,0,0,0
3,210,Loss,Player 1 - Silky (Zerg),Z,23,29.0,36.0,240,1063,525,2475,0,0,148,156,0,0,0,0
3,210,Win,Player 2 - Scarlett (Zerg),Z,24,30.0,36.0,285,1091,400,2525,0,0,44,134,0,0,0,0
3,240,Loss,Player 1 - Silky (Zerg),Z,27,34.0,36.0,130,1287,300,3100,300,0,58,156,0,0,0,0
3,240,Win,Player 2 - Scarlett (Zerg),Z,27,34.0,36.0,60,1399,650,2975,300,0,84,111,0,0,0,0
3,270,Loss,Player 1 - Silky (Zerg),Z,28,34.0,36.0,70,1455,600,3150,300,100,18,179,0,0,0,0
3,270,Win,Player 2 - Scarlett (Zerg),Z,28,42.0,44.0,85,1483,950,3175,350,0,128,111,0,0,0,0
3,300,Loss,Player 1 - Silky (Zerg),Z,29,40.0,52.0,20,1371,750,3550,450,100,24,156,50,0,0,0
3,300,Win,Player 2 - Scarlett (Zerg),Z,28,46.0,52.0,280,1427,675,3775,850,0,184,179,0,0,0,0
3,330,Loss,Player 1 - Silky (Zerg),Z,29,48.0,52.0,20,1427,1075,3750,650,100,84,179,50,0,0,0
3,330,Win,Player 2 - Scarlett (Zerg),Z,33,52.5,58.0,45,1427,600,4475,825,25,140,156,0,0,0,0
3,360,Loss,Player 1 - Silky (Zerg),Z,31,51.0,52.0,535,1595,175,4575,1075,0,115,156,25,50,0,0
3,360,Win,Player 2 - Scarlett (Zerg),Z,38,52.0,66.0,345,1819,575,4800,800,50,100,179,100,0,0,0
3,390,Loss,Player 1 - Silky (Zerg),Z,32,55.0,60.0,175,1595,775,4800,1100,0,0,179,75,75,25,0
3,390,Win,Player 2 - Scarlett (Zerg),Z,38,70.0,74.0,10,1931,1225,5175,800,50,14,201,250,0,0,0
3,420,Loss,Player 1 - Silky (Zerg),Z,40,56.0,76.0,310,1875,600,5025,800,450,56,156,0,150,100,0
3,420,Win,Player 2 - Scarlett (Zerg),Z,38,69.5,90.0,300,1847,525,5825,1175,475,55,313,175,100,100,50
3,450,Loss,Player 1 - Silky (Zerg),Z,41,58.0,76.0,445,1931,900,5000,675,725,66,156,50,75,25,75
3,450,Win,Player 2 - Scarlett (Zerg),Z,47,78.5,90.0,100,1791,300,6625,1375,650,71,313,0,250,150,75
3,480,Loss,Player 1 - Silky (Zerg),Z,41,62.5,82.0,745,1959,600,5675,1050,750,22,156,100,125,75,75
3,480,Win,Player 2 - Scarlett (Zerg),Z,51,82.5,98.0,650,2239,150,6975,1525,650,143,470,50,300,200,75
3,510,Loss,Player 1 - Silky (Zerg),Z,49,69.5,82.0,860,2099,500,6275,1050,825,57,156,100,125,75,75
3,510,Win,Player 2 - Scarlett (Zerg),Z,59,97.5,98.0,215,2323,700,7475,1625,700,65,470,100,350,250,75
3,540,Loss,Player 1 - Silky (Zerg),Z,58,79.5,82.0,945,2379,600,6825,1000,875,29,246,100,125,75,75
3,540,Win,Player 2 - Scarlett (Zerg),Z,57,101.0,114.0,405,2603,650,8050,1900,725,99,515,0,450,350,75
3,570,Loss,Player 1 - Silky (Zerg),Z,63,80.5,82.0,930,2771,850,7450,1075,875,64,425,0,250,100,75
3,570,Win,Player 2 - Scarlett (Zerg),Z,66,112.0,130.0,775,2659,400,8850,1900,725,255,783,100,450,350,75
3,600,Loss,Player 1 - Silky (Zerg),Z,63,100.0,130.0,745,2715,1400,8025,1050,900,78,806,250,250,100,75
3,600,Win,Player 2 - Scarlett (Zerg),Z,66,128.0,146.0,745,2799,900,9350,2200,725,387,895,200,550,450,75
3,630,Loss,Player 1 - Silky (Zerg),Z,65,113.0,154.0,920,2575,1000,9100,1725,975,204,783,150,475,325,100
3,630,Win,Player 2 - Scarlett (Zerg),Z,66,155.0,170.0,710,2799,1050,10200,2750,775,369,963,350,750,650,75
3,660,Loss,Player 1 - Silky (Zerg),Z,68,131.0,176.0,480,2715,1050,9950,1875,1275,50,828,225,625,475,100
3,660,Win,Player 2 - Scarlett (Zerg),Z,65,168.0,170.0,490,2715,1275,11200,3800,775,522,940,175,1100,1000,75
3,690,Loss,Player 1 - Silky (Zerg),Z,68,154.0,192.0,330,2715,1175,10900,2500,1325,61,963,325,850,700,100
3,690,Win,Player 2 - Scarlett (Zerg),Z,64,184.0,202.0,720,2659,1125,12075,4250,775,475,963,375,1275,1150,75
3,720,Loss,Player 1 - Silky (Zerg),Z,68,154.0,186.0,500,2519,900,10625,2625,2300,113,985,300,825,675,350
3,720,Win,Player 2 - Scarlett (Zerg),Z,64,191.0,202.0,885,2771,1325,12100,4350,1375,524,895,375,1400,1300,225
4,0,Loss,Player 1 - Silky (Zerg),Z,12,12.0,14.0,50,0,0,1050,0,0,0,0,0,0,0,0
4,0,Win,Player 2 - Scarlett (Zerg),Z,12,12.0,14.0,50,0,0,1050,0,0,0,0,0,0,0,0
4,30,Loss,Player 1 - Silky (Zerg),Z,13,14.0,14.0,55,727,150,1100,0,0,0,0,0,0,0,0
4,30,Win,Player 2 - Scarlett (Zerg),Z,13,14.0,14.0,55,727,150,1100,0,0,0,0,0,0,0,0
4,60,Loss,Player 1 - Silky (Zerg),Z,13,15.0,22.0,40,839,350,1200,0,0,0,0,0,0,0,0
4,60,Win,Player 2 - Scarlett (Zerg),Z,14,16.0,22.0,250,895,100,1250,0,0,0,0,0,0,0,0
4,90,Loss,Player 1 - Silky (Zerg),Z,17,17.0,22.0,260,951,250,1400,0,0,0,0,0,0,0,0
4,90,Win,Player 2 - Scarlett (Zerg),Z,16,18.0,22.0,100,895,450,1350,0,0,0,0,0,0,0,0
4,120,Loss,Player 1 - Silky (Zerg),Z,16,16.0,22.0,220,951,675,1350,0,0,0,0,0,0,0,0
4,120,Win,Player 2 - Scarlett (Zerg),Z,16,18.0,22.0,105,923,775,1350,0,0,0,0,0,0,0,0
4,150,Loss,Player 1 - Silky (Zerg),Z,16,21.0,22.0,155,979,600,1825,150,0,0,0,0,0,0,0
4,150,Win,Player 2 - Scarlett (Zerg),Z,19,20.0,22.0,325,895,650,1575,0,0,40,179,0,0,0,0
4,180,Loss,Player 1 - Silky (Zerg),Z,17,25.0,30.0,185,811,550,2125,300,0,56,179,0,0,0,0
4,180,Win,Player 2 - Scarlett (Zerg),Z,20,26.0,28.0,110,923,550,2225,0,0,96,156,0,0,0,0
4,210,Loss,Player 1 - Silky (Zerg),Z,19,30.0,36.0,175,839,400,2575,300,0,112,156,0,0,0,0
4,210,Win,Player 2 - Scarlett (Zerg),Z,20,28.0,28.0,185,1063,600,2375,150,0,20,67,0,0,0,0
4,240,Loss,Player 1 - Silky (Zerg),Z,23,34.5,36.0,25,1035,550,2900,425,25,72,179,100,0,0,0
4,240,Win,Player 2 - Scarlett (Zerg),Z,24,33.5,36.0,145,1119,300,3100,425,25,44,67,0,0,0,0
4,270,Loss,Player 1 - Silky (Zerg),Z,27,38.0,44.0,145,1315,425,3325,550,50,128,156,100,0,0,0
4,270,Win,Player 2 - Scarlett (Zerg),Z,25,42.5,44.0,185,1343,600,3250,425,25,64,67,0,0,0,0
4,300,Loss,Player 1 - Silky (Zerg),Z,32,41.0,44.0,85,1399,600,3600,450,150,188,179,100,0,0,0
4,300,Win,Player 2 - Scarlett (Zerg),Z,32,42.5,44.0,325,1539,300,3850,675,125,104,156,0,0,0,0
4,330,Loss,Player 1 - Silky (Zerg),Z,31,38.0,44.0,95,1595,650,3750,300,400,144,156,0,100,0,0
4,330,Win,Player 2 - Scarlett (Zerg),Z,32,48.5,68.0,250,1567,650,4100,625,175,60,156,100,0,0,0
4,360,Loss,Player 1 - Silky (Zerg),Z,37,49.0,52.0,72,1539,250,4500,600,418,78,291,0,150,50,0
4,360,Win,Player 2 - Scarlett (Zerg),Z,38,49.0,68.0,360,1567,650,4525,600,200,180,492,100,0,0,0
4,390,Loss,Player 1 - Silky (Zerg),Z,41,54.0,60.0,32,1679,575,4800,600,418,171,470,75,150,50,0
4,390,Win,Player 2 - Scarlett (Zerg),Z,44,54.0,68.0,180,1791,700,5175,600,200,52,492,200,100,0,0
4,420,Loss,Player 1 - Silky (Zerg),Z,41,60.0,60.0,177,1791,850,4975,775,468,297,470,50,225,125,0
4,420,Win,Player 2 - Scarlett (Zerg),Z,45,65.5,84.0,205,1847,625,5700,675,275,59,649,325,100,0,0
4,450,Loss,Player 1 - Silky (Zerg),Z,47,71.0,76.0,232,1903,750,5675,1075,468,319,470,100,325,225,0
4,450,Win,Player 2 - Scarlett (Zerg),Z,44,68.5,84.0,360,1819,800,6025,1050,275,195,671,300,225,125,0
4,480,Loss,Player 1 - Silky (Zerg),Z,47,79.0,84.0,157,1931,950,6075,1375,468,249,492,100,425,325,0
4,480,Win,Player 2 - Scarlett (Zerg),Z,44,84.0,84.0,415,1847,1200,6200,1325,300,223,649,400,325,225,0
4,510,Loss,Player 1 - Silky (Zerg),Z,49,90.0,106.0,32,2099,550,6975,1525,618,225,515,0,475,375,50
4,510,Win,Player 2 - Scarlett (Zerg),Z,44,84.0,84.0,1080,1847,350,7050,1925,300,455,649,0,725,425,0
4,540,Loss,Player 1 - Silky (Zerg),Z,54,103.0,106.0,177,2211,800,7375,1675,618,272,492,125,475,375,50
4,540,Win,Player 2 - Scarlett (Zerg),Z,44,90.0,90.0,585,1763,900,7400,1925,300,137,649,300,725,425,0
4,570,Loss,Player 1 - Silky (Zerg),Z,56,113.0,122.0,2,2463,850,8325,2300,668,273,515,125,650,550,50
4,570,Win,Player 2 - Scarlett (Zerg),Z,45,95.0,162.0,605,1903,300,8550,2125,400,369,649,0,1025,725,0
4,600,Loss,Player 1 - Silky (Zerg),Z,55,128.0,138.0,37,2687,1100,8975,2675,668,270,492,175,775,675,50
4,600,Win,Player 2 - Scarlett (Zerg),Z,49,104.0,162.0,325,2155,1050,8750,2125,400,197,627,400,1025,725,0
4,630,Loss,Player 1 - Silky (Zerg),Z,53,138.5,146.0,82,2519,1125,9650,3175,843,262,604,200,900,800,100
4,630,Win,Player 2 - Scarlett (Zerg),Z,63,119.0,162.0,175,2295,775,9900,2425,400,204,627,125,1425,1025,0
4,660,Loss,Player 1 - Silky (Zerg),Z,59,140.5,162.0,417,2435,600,10525,3475,993,494,649,100,950,850,150
4,660,Win,Player 2 - Scarlett (Zerg),Z,63,129.0,162.0,495,2491,850,10375,2950,400,160,761,250,1600,1200,0
4,690,Loss,Player 1 - Silky (Zerg),Z,65,147.5,162.0,252,2379,850,10875,3175,1293,310,963,400,950,750,250
4,690,Win,Player 2 - Scarlett (Zerg),Z,66,146.0,194.0,120,2463,1125,11425,3450,475,262,985,350,1850,1450,0
4,720,Loss,Player 1 - Silky (Zerg),Z,66,156.5,162.0,102,2435,1200,11425,3675,1293,258,985,400,1200,1000,250
4,720,Win,Player 2 - Scarlett (Zerg),Z,64,150.0,192.0,380,2407,850,11950,3750,575,106,985,450,2000,1600,0
4,750,Loss,Player 1 - Silky (Zerg),Z,65,162.5,170.0,317,2323,925,12150,4200,1368,231,963,225,1575,1275,275
4,750,Win,Player 2 - Scarlett (Zerg),Z,64,164.0,192.0,315,2211,775,12700,4600,625,187,1321,275,2400,2000,0
4,780,Loss,Player 1 - Silky (Zerg),Z,66,168.5,170.0,387,2323,1450,12425,4425,1368,379,963,350,1650,1350,275
4,780,Win,Player 2 - Scarlett (Zerg),Z,64,160.0,200.0,935,2379,200,13275,4925,825,497,1299,150,2475,1975,200
4,810,Loss,Player 1 - Silky (Zerg),Z,66,178.5,216.0,272,2435,1000,13800,4750,1443,431,985,450,1825,1525,300
4,810,Win,Player 2 - Scarlett (Zerg),Z,67,177.0,200.0,560,2239,1250,13425,4325,825,261,1299,850,2475,1675,200
4,840,Loss,Player 1 - Silky (Zerg),Z,66,183.5,232.0,597,2827,600,14550,4900,1743,183,985,500,2275,1625,400
4,840,Win,Player 2 - Scarlett (Zerg),Z,68,178.0,200.0,975,2379,750,13975,5425,950,625,1321,150,3175,2675,200
4,870,Loss,Player 1 - Silky (Zerg),Z,66,184.5,240.0,682,2771,800,14625,5275,2268,77,963,350,2500,2050,675
4,870,Win,Player 2 - Scarlett (Zerg),Z,68,174.0,200.0,1405,2575,0,14525,5425,1200,689,1254,0,3375,2725,200
4,900,Loss,Player 1 - Silky (Zerg),Z,66,168.5,248.0,557,2687,700,14150,4700,3618,220,1075,200,2375,1925,1175
4,900,Win,Player 2 - Scarlett (Zerg),Z,62,158.0,192.0,1525,1735,525,13025,4475,2850,301,1052,800,2975,2325,600
4,930,Loss,Player 1 - Silky (Zerg),Z,68,173.5,256.0,342,2463,1325,14150,4400,4418,213,1343,475,2275,1775,1475
4,930,Win,Player 2 - Scarlett (Zerg),Z,65,143.0,184.0,1305,1959,300,12700,3875,3900,256,1097,0,3075,2425,1300
4,960,Loss,Player 1 - Silky (Zerg),Z,68,182.5,256.0,72,2463,1500,14150,4500,5393,123,1299,550,2325,1875,1900
4,960,Win,Player 2 - Scarlett (Zerg),Z,65,126.0,184.0,1440,2267,600,11600,2625,5300,376,1231,300,2375,1725,2000
4,990,Loss,Player 1 - Silky (Zerg),Z,68,175.5,256.0,322,2071,775,14450,4800,6143,120,1343,475,2175,1725,2400
4,990,Win,Player 2 - Scarlett (Zerg),Z,60,148.0,184.0,750,2183,1575,11950,3225,5500,190,1299,650,2675,2025,2000
4,1020,Loss,Player 1 - Silky (Zerg),Z,72,185.5,254.0,227,2547,800,15275,4775,6293,80,1276,500,2600,2000,2450
4,1020,Win,Player 2 - Scarlett (Zerg),Z,64,156.0,184.0,550,2015,800,13475,4325,5650,358,1276,300,3325,2525,2000
4,1050,Loss,Player 1 - Silky (Zerg),Z,72,192.5,270.0,627,2743,850,15625,5325,6443,98,1343,400,3100,2650,2500
4,1050,Win,Player 2 - Scarlett (Zerg),Z,69,156.0,200.0,700,2323,550,14225,4675,5650,518,1276,150,3625,2925,2000
4,1080,Loss,Player 1 - Silky (Zerg),Z,72,194.0,270.0,962,2435,450,16100,5600,6468,208,1276,200,3500,2950,2500
4,1080,Win,Player 2 - Scarlett (Zerg),Z,68,175.0,224.0,580,2547,1000,14725,4975,5700,482,1276,500,3775,3125,2000
4,1110,Loss,Player 1 - Silky (Zerg),Z,67,173.0,270.0,862,2575,1800,14675,4625,7743,76,1276,450,3275,2825,2925
4,1110,Win,Player 2 - Scarlett (Zerg),Z,67,186.0,224.0,305,2603,1250,15400,5700,5975,500,1299,450,4150,3500,2125
4,1140,Loss,Player 1 - Silky (Zerg),Z,68,184.0,276.0,797,2379,900,16225,5225,8043,146,1590,450,3625,3175,3025
4,1140,Win,Player 2 - Scarlett (Zerg),Z,66,196.0,210.0,80,2043,1350,15800,6400,6425,344,918,500,4600,3850,2125
4,1170,Loss,Player 1 - Silky (Zerg),Z,68,184.0,276.0,1552,2407,100,17050,5850,8118,530,1635,200,4050,3500,3050
4,1170,Win,Player 2 - Scarlett (Zerg),Z,71,198.0,218.0,600,2015,800,16450,7000,6425,288,940,200,5150,4500,2125
4,1200,Loss,Player 1 - Silky (Zerg),Z,68,135.0,260.0,682,2379,1700,12875,1875,12393,252,1612,850,1475,1025,5825
4,1200,Win,Player 2 - Scarlett (Zerg),Z,71,183.0,210.0,585,2015,1600,14900,5450,7975,272,1097,600,4300,3650,2975
5,0,Win,Player 1 - Silky (Zerg),Z,12,12.0,14.0,50,0,0,1050,0,0,0,0,0,0,0,0
5,0,Loss,Player 2 - Namshar (Zerg),Z,12,12.0,14.0,50,0,0,1050,0,0,0,0,0,0,0,0
5,30,Win,Player 1 - Silky (Zerg),Z,13,14.0,14.0,50,699,150,1100,0,0,0,0,0,0,0,0
5,30,Loss,Player 2 - Namshar (Zerg),Z,13,14.0,14.0,60,755,150,1100,0,0,0,0,0,0,0,0
5,60,Win,Player 1 - Silky (Zerg),Z,15,16.0,22.0,245,839,50,1300,0,0,0,0,0,0,0,0
5,60,Loss,Player 2 - Namshar (Zerg),Z,16,16.0,22.0,245,867,0,1350,0,0,0,0,0,0,0,0
5,90,Win,Player 1 - Silky (Zerg),Z,16,18.0,22.0,100,923,450,1350,0,0,0,0,0,0,0,0
5,90,Loss,Player 2 - Namshar (Zerg),Z,16,18.0,22.0,100,923,450,1350,0,0,0,0,0,0,0,0
5,120,Win,Player 1 - Silky (Zerg),Z,16,18.0,22.0,110,923,775,1350,0,0,0,0,0,0,0,0
5,120,Loss,Player 2 - Namshar (Zerg),Z,16,18.0,22.0,105,979,775,1350,0,0,0,0,0,0,0,0
5,150,Win,Player 1 - Silky (Zerg),Z,19,20.0,22.0,325,867,650,1575,0,0,40,179,0,0,0,0
5,150,Loss,Player 2 - Namshar (Zerg),Z,19,20.0,22.0,335,951,650,1575,0,0,28,111,0,0,0,0
5,180,Win,Player 1 - Silky (Zerg),Z,21,26.0,28.0,175,979,450,2275,0,0,96,156,0,0,0,0
5,180,Loss,Player 2 - Namshar (Zerg),Z,21,26.0,28.0,180,1007,450,2275,0,0,88,179,0,0,0,0
5,210,Win,Player 1 - Silky (Zerg),Z,24,30.0,36.0,290,1175,400,2525,0,0,24,89,0,0,0,0
5,210,Loss,Player 2 - Namshar (Zerg),Z,24,30.0,36.0,285,1175,400,2525,0,0,20,89,0,0,0,0
5,240,Win,Player 1 - Silky (Zerg),Z,25,31.0,36.0,95,1259,650,2925,350,0,26,179,50,0,0,0
5,240,Loss,Player 2 - Namshar (Zerg),Z,27,33.0,36.0,5,1371,600,2975,300,0,10,134,0,0,0,0
5,270,Win,Player 1 - Silky (Zerg),Z,27,39.0,44.0,85,1399,925,3125,350,0,82,156,50,0,0,0
5,270,Loss,Player 2 - Namshar (Zerg),Z,28,39.0,44.0,35,1343,1000,3125,300,0,66,156,50,0,0,0
5,300,Win,Player 1 - Silky (Zerg),Z,31,43.0,44.0,235,1455,550,3850,600,0,88,156,50,50,0,0
5,300,Loss,Player 2 - Namshar (Zerg),Z,32,44.0,52.0,180,1511,775,3725,600,0,126,156,50,0,0,0
5,330,Win,Player 1 - Silky (Zerg),Z,31,42.5,58.0,390,1567,400,4150,400,200,68,223,100,75,25,0
5,330,Loss,Player 2 - Namshar (Zerg),Z,34,49.5,58.0,375,1707,300,4550,650,50,82,156,50,75,25,25
5,360,Win,Player 1 - Silky (Zerg),Z,31,54.0,66.0,205,1511,450,4700,850,250,52,223,100,100,50,25
5,360,Loss,Player 2 - Namshar (Zerg),Z,39,57.0,58.0,239,1791,625,4750,650,306,161,156,0,100,50,31
5,390,Win,Player 1 - Silky (Zerg),Z,31,54.0,66.0,279,1623,250,4925,1100,606,30,223,50,150,100,56
5,390,Loss,Player 2 - Namshar (Zerg),Z,38,57.5,66.0,478,1987,500,5125,800,462,136,156,75,50,0,62
5,420,Win,Player 1 - Silky (Zerg),Z,31,57.5,66.0,254,1595,450,4850,975,931,14,246,100,50,0,106
5,420,Loss,Player 2 - Namshar (Zerg),Z,38,62.0,66.0,264,1931,1000,4725,450,1218,215,156,0,50,0,68
5,450,Win,Player 1 - Silky (Zerg),Z,31,55.0,66.0,338,1455,225,4950,1075,1462,42,246,75,50,0,137
5,450,Loss,Player 2 - Namshar (Zerg),Z,38,54.0,66.0,164,1063,825,4550,200,2118,175,179,75,75,25,68
5,480,Win,Player 1 - Silky (Zerg),Z,31,55.5,66.0,281,1567,625,4625,700,1949,39,223,75,50,0,149
5,480,Loss,Player 2 - Namshar (Zerg),Z,25,41.5,66.0,74,1035,250,4400,775,3093,231,156,0,50,0,68
5,510,Win,Player 1 - Silky (Zerg),Z,31,58.0,66.0,438,1623,475,5075,975,2067,9,246,175,50,0,167
5,510,Loss,Player 2 - Namshar (Zerg),Z,25,43.5,66.0,49,1203,300,4500,775,3243,41,179,100,50,0,68
5,540,Win,Player 1 - Silky (Zerg),Z,31,56.5,66.0,348,1567,150,5200,1225,2892,43,246,50,50,0,342
5,540,Loss,Player 2 - Namshar (Zerg),Z,24,48.5,66.0,89,1203,400,4650,1025,3343,47,156,50,100,50,68
5,570,Win,Player 1 - Silky (Zerg),Z,32,53.0,66.0,292,1539,675,4750,675,3448,66,313,75,50,0,348
5,570,Loss,Player 2 - Namshar (Zerg),Z,31,45.0,66.0,499,1539,25,4850,900,3518,32,179,25,125,75,68
5,600,Win,Player 1 - Silky (Zerg),Z,42,55.5,66.0,167,1847,625,5125,425,3823,182,335,0,50,0,398
5,600,Loss,Player 2 - Namshar (Zerg),Z,33,47.5,66.0,319,1483,350,4675,600,4018,13,156,50,125,75,68
5,630,Win,Player 1 - Silky (Zerg),Z,49,65.5,66.0,187,1987,550,5800,425,3923,52,335,250,50,0,398
5,630,Loss,Player 2 - Namshar (Zerg),Z,32,55.5,66.0,269,1427,650,4975,1000,4068,89,246,0,175,125,68
5,660,Win,Player 1 - Silky (Zerg),Z,49,65.0,66.0,702,1903,300,6075,750,4048,230,649,100,200,150,423
5,660,Loss,Player 2 - Namshar (Zerg),Z,37,55.0,66.0,389,1679,650,5250,1025,4243,201,313,0,175,125,68
5,690,Win,Player 1 - Silky (Zerg),Z,39,66.0,66.0,192,1231,1250,5575,750,4598,342,515,100,200,150,423
5,690,Loss,Player 2 - Namshar (Zerg),Z,44,71.5,90.0,59,1791,675,5800,725,4293,21,313,200,50,0,68
5,720,Win,Player 1 - Silky (Zerg),Z,53,73.0,106.0,132,1623,250,7125,950,4648,286,492,50,350,200,423
5,720,Loss,Player 2 - Namshar (Zerg),Z,43,74.5,90.0,364,1679,425,6425,1325,4293,57,447,100,250,200,68
5,750,Win,Player 1 - Silky (Zerg),Z,51,71.0,106.0,102,1511,650,6975,1000,4898,318,627,200,350,200,423
5,750,Loss,Player 2 - Namshar (Zerg),Z,47,76.0,90.0,139,1651,575,6425,1050,4968,229,470,100,250,200,68
5,780,Win,Player 1 - Silky (Zerg),Z,63,81.0,106.0,322,1987,400,7725,1000,4898,626,1007,200,350,200,423
5,780,Loss,Player 2 - Namshar (Zerg),Z,59,85.0,90.0,229,2071,425,7100,1050,4968,357,761,100,250,200,68
5,810,Win,Player 1 - Silky (Zerg),Z,65,94.0,114.0,107,2519,1275,7925,1000,4898,745,963,425,350,200,423
5,810,Loss,Player 2 - Namshar (Zerg),Z,61,90.0,90.0,89,2379,925,7425,975,4968,431,963,150,350,175,68
5,840,Win,Player 1 - Silky (Zerg),Z,65,114.0,122.0,32,2687,1300,8750,1825,4898,701,1007,400,625,475,423
5,840,Loss,Player 2 - Namshar (Zerg),Z,61,97.0,114.0,149,2351,775,8150,1225,4968,237,1007,275,550,325,68
5,870,Win,Player 1 - Silky (Zerg),Z,65,130.0,130.0,162,2379,925,9850,2575,4898,470,985,125,1475,1125,423
5,870,Loss,Player 2 - Namshar (Zerg),Z,60,114.0,130.0,344,2267,1275,8525,1675,4968,481,985,325,825,675,68
5,900,Win,Player 1 - Silky (Zerg),Z,65,144.0,160.0,87,2547,850,10875,2950,4898,272,1007,550,1600,1250,423
5,900,Loss,Player 2 - Namshar (Zerg),Z,60,144.0,144.0,74,2351,1125,9800,2350,4968,458,963,375,1150,900,68
5,930,Win,Player 1 - Silky (Zerg),Z,65,152.0,176.0,97,2799,975,11050,2925,5573,291,985,325,1925,1575,648
5,930,Loss,Player 2 - Namshar (Zerg),Z,52,132.0,144.0,419,2071,375,10000,2950,5818,556,1007,125,1350,1100,218
5,960,Win,Player 1 - Silky (Zerg),Z,65,161.0,176.0,302,2771,775,11700,3575,5898,418,963,225,2075,1725,823
5,960,Loss,Player 2 - Namshar (Zerg),Z,57,130.0,136.0,329,1791,500,10225,2925,6218,904,940,0,1275,1025,418
5,990,Win,Player 1 - Silky (Zerg),Z,65,174.0,184.0,202,2575,825,12250,4025,6348,466,985,225,2025,1675,1173
5,990,Loss,Player 2 - Namshar (Zerg),Z,50,129.0,130.0,264,1315,600,9700,2725,7136,1188,671,0,1075,825,618
5,1020,Win,Player 1 - Silky (Zerg),Z,65,160.0,184.0,232,2743,1050,11500,3275,7773,514,940,300,1775,1425,1648
5,1020,Loss,Player 2 - Namshar (Zerg),Z,59,112.0,114.0,199,2015,575,8925,1825,8461,1095,627,125,775,525,918
5,1050,Win,Player 1 - Silky (Zerg),Z,65,162.0,184.0,217,2743,975,11600,3375,8723,537,963,325,1625,1275,2098
5,1050,Loss,Player 2 - Namshar (Zerg),Z,50,107.0,130.0,104,1791,675,8525,1675,9436,1106,671,225,725,475,1093
5,1080,Win,Player 1 - Silky (Zerg),Z,65,144.0,184.0,127,2631,1050,10800,2575,10498,535,940,350,1025,675,3023
5,1080,Loss,Player 2 - Namshar (Zerg),Z,45,96.0,130.0,124,1511,300,8425,1825,10211,1009,627,100,775,525,1268
5,1110,Win,Player 1 - Silky (Zerg),Z,65,161.0,184.0,87,2771,700,11700,3400,10948,91,985,300,1725,1350,3173
5,1110,Loss,Player 2 - Namshar (Zerg),Z,45,105.0,130.0,214,1763,525,8500,1675,10436,874,671,375,800,475,1343
6,0,Loss,Player 1 - Silky (Zerg),Z,12,12.0,14.0,50,0,0,1050,0,0,0,0,0,0,0,0
6,0,Win,Player 2 - Namshar (Zerg),Z,12,12.0,14.0,50,0,0,1050,0,0,0,0,0,0,0,0
6,30,Loss,Player 1 - Silky (Zerg),Z,13,14.0,14.0,50,699,150,1100,0,0,0,0,0,0,0,0
6,30,Win,Player 2 - Namshar (Zerg),Z,13,14.0,14.0,55,727,150,1100,0,0,0,0,0,0,0,0
6,60,Loss,Player 1 - Silky (Zerg),Z,16,16.0,22.0,230,783,0,1350,0,0,0,0,0,0,0,0
6,60,Win,Player 2 - Namshar (Zerg),Z,16,16.0,22.0,245,867,0,1350,0,0,0,0,0,0,0,0
6,90,Loss,Player 1 - Silky (Zerg),Z,16,18.0,22.0,90,867,450,1350,0,0,0,0,0,0,0,0
6,90,Win,Player 2 - Namshar (Zerg),Z,16,18.0,22.0,90,895,450,1350,0,0,0,0,0,0,0,0
6,120,Loss,Player 1 - Silky (Zerg),Z,16,18.0,22.0,100,923,775,1350,0,0,0,0,0,0,0,0
6,120,Win,Player 2 - Namshar (Zerg),Z,17,18.0,22.0,160,895,650,1400,0,0,0,0,0,0,0,0
6,150,Loss,Player 1 - Silky (Zerg),Z,19,20.0,22.0,315,895,650,1575,0,0,32,134,0,0,0,0
6,150,Win,Player 2 - Namshar (Zerg),Z,16,19.0,22.0,20,951,1175,1350,0,0,0,0,0,0,0,0
6,180,Loss,Player 1 - Silky (Zerg),Z,20,26.0,36.0,150,1007,400,2325,0,0,92,179,0,0,0,0
6,180,Win,Player 2 - Namshar (Zerg),Z,20,24.0,28.0,55,923,600,2225,0,0,20,111,0,0,0,0
6,210,Loss,Player 1 - Silky (Zerg),Z,23,30.0,36.0,210,1063,400,2525,50,0,36,111,0,0,0,0
6,210,Win,Player 2 - Namshar (Zerg),Z,23,28.0,28.0,70,1063,800,2375,0,0,76,156,0,0,0,0
6,240,Loss,Player 1 - Silky (Zerg),Z,24,32.0,36.0,50,1203,625,2875,350,0,80,134,0,0,0,0
6,240,Win,Player 2 - Namshar (Zerg),Z,26,34.0,42.0,40,1203,500,3125,150,0,136,179,0,0,0,0
6,270,Loss,Player 1 - Silky (Zerg),Z,28,35.0,36.0,160,1315,775,3075,350,0,128,134,0,0,0,0
6,270,Win,Player 2 - Namshar (Zerg),Z,30,41.0,50.0,35,1315,475,3625,350,0,192,156,0,0,0,0
6,300,Loss,Player 1 - Silky (Zerg),Z,31,42.0,44.0,40,1511,950,3450,350,0,88,179,0,0,0,0
6,300,Win,Player 2 - Namshar (Zerg),Z,32,42.0,50.0,110,1623,475,4000,500,0,152,156,0,0,0,0
6,330,Loss,Player 1 - Silky (Zerg),Z,37,50.0,58.0,50,1595,550,4400,350,0,144,156,0,0,0,0
6,330,Win,Player 2 - Namshar (Zerg),Z,39,46.5,58.0,140,1903,500,4550,475,25,108,156,100,0,0,0
6,360,Loss,Player 1 - Silky (Zerg),Z,37,55.0,66.0,60,1875,750,4800,650,50,104,156,100,0,0,0
6,360,Win,Player 2 - Namshar (Zerg),Z,41,57.0,66.0,155,2043,800,4925,450,50,68,156,200,0,0,0
6,390,Loss,Player 1 - Silky (Zerg),Z,39,69.0,82.0,65,1987,850,5350,900,100,10,156,250,0,0,0
6,390,Win,Player 2 - Namshar (Zerg),Z,48,62.0,74.0,480,2127,350,5825,750,50,132,201,100,100,100,0
6,420,Loss,Player 1 - Silky (Zerg),Z,39,77.0,90.0,205,2071,600,6050,1500,200,20,156,150,150,150,0
6,420,Win,Player 2 - Namshar (Zerg),Z,55,75.0,90.0,315,2183,575,6525,750,50,237,492,75,200,100,0
6,450,Loss,Player 1 - Silky (Zerg),Z,48,83.5,98.0,365,2155,375,6825,1575,275,51,156,25,300,200,0
6,450,Win,Player 2 - Namshar (Zerg),Z,54,88.0,90.0,565,2323,575,6925,1200,50,138,515,100,350,250,0
6,480,Loss,Player 1 - Silky (Zerg),Z,55,90.0,106.0,220,2127,450,7375,1625,450,45,470,0,375,275,0
6,480,Win,Player 2 - Namshar (Zerg),Z,53,99.0,106.0,330,2323,1075,7500,1650,50,147,537,125,500,400,0
6,510,Loss,Player 1 - Silky (Zerg),Z,59,105.5,106.0,30,2351,825,7600,1500,575,54,559,175,375,275,0
6,510,Win,Player 2 - Namshar (Zerg),Z,57,105.0,122.0,345,2211,600,8275,2025,50,83,649,0,625,525,0
6,540,Loss,Player 1 - Silky (Zerg),Z,62,101.0,114.0,345,2603,700,8150,1700,900,90,627,50,500,400,50
6,540,Win,Player 2 - Namshar (Zerg),Z,64,112.0,122.0,280,2183,625,8775,2175,125,211,627,0,625,525,0
6,570,Loss,Player 1 - Silky (Zerg),Z,62,121.5,138.0,305,2631,1350,8475,1825,925,112,806,250,550,450,50
6,570,Win,Player 2 - Namshar (Zerg),Z,65,112.0,130.0,1100,2491,475,9000,2175,125,447,649,0,625,525,0
6,600,Loss,Player 1 - Silky (Zerg),Z,63,133.5,154.0,345,2715,1275,9100,2200,1300,133,806,275,675,575,175
6,600,Win,Player 2 - Namshar (Zerg),Z,70,130.0,136.0,715,2659,1125,9075,1575,725,400,940,375,425,325,200
6,630,Loss,Player 1 - Silky (Zerg),Z,63,161.5,168.0,200,2771,975,10525,3175,1300,92,806,275,1000,900,175
6,630,Win,Player 2 - Namshar (Zerg),Z,70,136.0,136.0,800,2911,725,10200,2700,725,473,940,75,800,700,200
6,660,Loss,Player 1 - Silky (Zerg),Z,63,163.5,176.0,280,2799,600,11375,3925,1525,88,783,100,1200,1100,250
6,660,Win,Player 2 - Namshar (Zerg),Z,68,146.0,176.0,945,2799,1075,10400,2700,1150,704,985,225,800,700,275
6,690,Loss,Player 1 - Silky (Zerg),Z,63,191.5,200.0,80,2575,850,12275,4525,1525,30,828,250,1400,1300,250
6,690,Win,Player 2 - Namshar (Zerg),Z,67,145.0,176.0,1265,2855,725,11225,3375,1150,777,985,50,1025,925,275
6,720,Loss,Player 1 - Silky (Zerg),Z,63,176.5,216.0,695,2491,150,12500,4550,2275,193,783,50,1475,1375,500
6,720,Win,Player 2 - Namshar (Zerg),Z,64,183.0,208.0,640,2463,525,12625,4475,1725,409,895,175,1725,1625,375
6,750,Loss,Player 1 - Silky (Zerg),Z,63,149.5,216.0,180,2631,850,10850,2900,4675,89,851,200,925,825,1300
6,750,Win,Player 2 - Namshar (Zerg),Z,64,183.0,208.0,260,2435,1275,11875,3725,3000,264,783,425,1475,1375,800
6,780,Loss,Player 1 - Silky (Zerg),Z,67,159.5,216.0,85,2771,975,11175,3025,5300,23,783,300,900,800,1575
6,780,Win,Player 2 - Namshar (Zerg),Z,64,199.0,208.0,330,2715,825,13075,4925,3075,169,828,375,1875,1775,825
6,810,Loss,Player 1 - Silky (Zerg),Z,67,165.5,216.0,404,2575,600,11775,3475,5681,185,1164,200,1125,1000,1668
6,810,Win,Player 2 - Namshar (Zerg),Z,62,190.0,208.0,845,2435,150,13375,5625,3625,159,1075,50,2175,2075,975
7,0,Win,Player 1 - Silky (Zerg),Z,12,12.0,14.0,50,0,0,1050,0,0,0,0,0,0,0,0
7,0,Loss,Player 2 - Namshar (Zerg),Z,12,12.0,14.0,50,0,0,1050,0,0,0,0,0,0,0,0
7,30,Win,Player 1 - Silky (Zerg),Z,12,12.0,14.0,170,671,75,1050,0,0,0,0,0,0,0,0
7,30,Loss,Player 2 - Namshar (Zerg),Z,13,14.0,14.0,30,587,150,1100,0,0,0,0,0,0,0,0
7,60,Win,Player 1 - Silky (Zerg),Z,12,14.0,14.0,25,503,350,1125,0,0,32,179,0,0,0,0
7,60,Loss,Player 2 - Namshar (Zerg),Z,14,16.0,22.0,225,867,100,1250,0,0,0,0,0,0,0,0
7,90,Win,Player 1 - Silky (Zerg),Z,14,14.0,14.0,145,699,350,1225,0,0,88,156,0,0,0,0
7,90,Loss,Player 2 - Namshar (Zerg),Z,15,18.0,22.0,75,895,500,1300,0,0,0,0,0,0,0,0
7,120,Win,Player 1 - Silky (Zerg),Z,14,18.0,22.0,70,615,200,1575,0,0,48,179,0,0,0,0
7,120,Loss,Player 2 - Namshar (Zerg),Z,16,18.0,22.0,80,979,775,1350,0,0,0,0,0,0,0,0
7,150,Win,Player 1 - Silky (Zerg),Z,13,19.0,22.0,105,643,250,1725,200,0,42,134,50,0,0,0
7,150,Loss,Player 2 - Namshar (Zerg),Z,19,19.0,22.0,360,923,600,1575,0,0,24,111,0,0,0,0
7,180,Win,Player 1 - Silky (Zerg),Z,13,22.0,22.0,145,643,350,1825,300,0,82,111,50,0,0,0
7,180,Loss,Player 2 - Namshar (Zerg),Z,18,26.0,28.0,45,615,650,2125,0,0,72,89,0,0,0,0
7,210,Win,Player 1 - Silky (Zerg),Z,13,23.0,30.0,100,643,125,2250,450,25,55,134,25,75,25,0
7,210,Loss,Player 2 - Namshar (Zerg),Z,16,21.0,28.0,25,587,650,2025,0,250,92,44,0,0,0,0
7,240,Win,Player 1 - Silky (Zerg),Z,13,24.5,30.0,160,671,150,2350,525,125,20,111,50,100,50,25
7,240,Loss,Player 2 - Namshar (Zerg),Z,16,22.0,28.0,75,559,150,2375,200,600,108,22,0,0,0,0
7,270,Win,Player 1 - Silky (Zerg),Z,13,26.5,30.0,140,643,225,2350,550,275,14,111,25,100,50,75
7,270,Loss,Player 2 - Namshar (Zerg),Z,16,20.5,28.0,110,363,100,2300,125,875,116,44,0,0,0,0
7,300,Win,Player 1 - Silky (Zerg),Z,13,24.5,30.0,245,671,75,2350,550,475,33,111,25,50,0,100
7,300,Loss,Player 2 - Namshar (Zerg),Z,16,20.5,28.0,80,167,200,2100,75,1175,128,22,0,0,0,0
7,330,Win,Player 1 - Silky (Zerg),Z,13,25.5,30.0,204,671,250,2275,425,656,46,111,50,50,0,106
7,330,Loss,Player 2 - Namshar (Zerg),Z,15,20.0,28.0,35,111,250,2025,50,1350,128,0,0,0,0,0
7,360,Win,Player 1 - Silky (Zerg),Z,13,23.0,30.0,328,643,100,2250,450,937,84,134,0,50,0,137
7,360,Loss,Player 2 - Namshar (Zerg),Z,10,13.0,28.0,110,391,0,1925,200,1700,128,0,0,0,0,0
